Team 1,Team 2,Winner,Margin,Ground,Match Date,Scorecard,India Captain,Opponent Captain,Toss Result,Powerplay Runs India,Powerplay Runs Opponent,Year
South Africa,India,India,6 wickets,Johannesburg,"Dec 1, 2006",/series/india-tour-of-south-africa-2006-07-249039/south-africa-vs-india-only-t20i-255954/full-scorecard,Virender Sehwag,Graeme Smith,"South Africa, elected to bat first",29/1,31/2,2006
India,Australia,India,7 wickets,Brabourne,"Oct 20, 2007",/series/australia-tour-of-india-2007-08-297424/india-vs-australia-only-t20i-297800/full-scorecard,MS Dhoni,Ricky Ponting,"Australia, elected to bat first",68/1,58/1,2007
India,Pakistan,India,5 runs,Johannesburg,"Sep 24, 2007",/series/icc-world-twenty20-2007-08-286109/india-vs-pakistan-final-287879/full-scorecard,MS Dhoni,Shoaib Malik,"India, elected to bat first",53/3,40/2,2007
Australia,India,India,15 runs,Durban,"Sep 22, 2007",/series/icc-world-twenty20-2007-08-286109/australia-vs-india-2nd-semi-final-287878/full-scorecard,MS Dhoni,Adam Gilchrist,"India, elected to bat first",37/1,36/1,2007
South Africa,India,India,37 runs,Durban,"Sep 20, 2007",/series/icc-world-twenty20-2007-08-286109/south-africa-vs-india-24th-match-group-e-287876/full-scorecard,MS Dhoni,Graeme Smith,"India, elected to bat first",31/5,34/3,2007
England,India,India,18 runs,Durban,"Sep 19, 2007",/series/icc-world-twenty20-2007-08-286109/england-vs-india-21st-match-group-e-287873/full-scorecard,MS Dhoni,Paul Collingwood,"India, elected to bat first",57/1,41/0,2007
India,New Zealand,New Zealand,10 runs,Johannesburg,"Sep 16, 2007",/series/icc-world-twenty20-2007-08-286109/india-vs-new-zealand-13th-match-group-e-287865/full-scorecard,MS Dhoni,Daniel Vettori,"India, elected to field first",76/1,48/1,2007
Australia,India,Australia,9 wickets,Melbourne,"Feb 1, 2008",/series/india-tour-of-australia-2007-08-291320/australia-vs-india-only-t20i-291356/full-scorecard,MS Dhoni,Michael Clarke,"India, elected to bat first",44/0,30/4,2008
India,Sri Lanka,India,6 wickets,Mohali,"Dec 12, 2009",/series/sri-lanka-tour-of-india-2009-10-428635/india-vs-sri-lanka-2nd-t20i-430885/full-scorecard,MS Dhoni,Kumar Sangakkara,"Sri Lanka, elected to bat first",58/1,73/1,2009
India,Sri Lanka,Sri Lanka,29 runs,Nagpur,"Dec 9, 2009",/series/sri-lanka-tour-of-india-2009-10-428635/india-vs-sri-lanka-1st-t20i-430884/full-scorecard,MS Dhoni,Kumar Sangakkara,"India, elected to field first",77/1,43/0,2009
India,South Africa,South Africa,12 runs,Nottingham,"Jun 16, 2009",/series/icc-world-twenty20-2009-335113/india-vs-south-africa-24th-match-group-e-356014/full-scorecard,MS Dhoni,Graeme Smith,"South Africa, elected to bat first",47/0,47/1,2009
England,India,England,3 runs,Lord's,"Jun 14, 2009",/series/icc-world-twenty20-2009-335113/england-vs-india-20th-match-group-e-356010/full-scorecard,MS Dhoni,Paul Collingwood,"India, elected to field first",36/2,40/1,2009
India,West Indies,West Indies,7 wickets,Lord's,"Jun 12, 2009",/series/icc-world-twenty20-2009-335113/india-vs-west-indies-16th-match-group-e-356006/full-scorecard,MS Dhoni,Chris Gayle,"India, elected to bat first",32/1,40/3,2009
India,Ireland,India,8 wickets,Nottingham,"Jun 10, 2009",/series/icc-world-twenty20-2009-335113/india-vs-ireland-12th-match-group-a-356001/full-scorecard,MS Dhoni,William Porterfield,"India, elected to field first",45/0,28/3,2009
Bangladesh,India,India,25 runs,Nottingham,"Jun 6, 2009",/series/icc-world-twenty20-2009-335113/bangladesh-vs-india-4th-match-group-a-355994/full-scorecard,MS Dhoni,Mohammad Ashraful,"India, elected to bat first",55/2,54/0,2009
New Zealand,India,New Zealand,5 wickets,Wellington,"Feb 27, 2009",/series/india-tour-of-new-zealand-2008-09-366616/new-zealand-vs-india-2nd-t20i-366622/full-scorecard,MS Dhoni,Daniel Vettori,"New Zealand, elected to field first",60/1,47/2,2009
New Zealand,India,New Zealand,7 wickets,Christchurch,"Feb 25, 2009",/series/india-tour-of-new-zealand-2008-09-366616/new-zealand-vs-india-1st-t20i-386494/full-scorecard,MS Dhoni,Daniel Vettori,"New Zealand, elected to field first",54/1,56/3,2009
Sri Lanka,India,India,3 wickets,Colombo (RPS),"Feb 10, 2009",/series/india-tour-of-sri-lanka-2008-09-386281/sri-lanka-vs-india-only-t20i-386535/full-scorecard,MS Dhoni,Tillakaratne Dilshan,"Sri Lanka, elected to bat first",57/2,59/1,2009
Zimbabwe,India,India,7 wickets,Harare,"Jun 13, 2010",/series/india-tour-of-zimbabwe-2010-452142/zimbabwe-vs-india-2nd-t20i-452154/full-scorecard,Suresh Raina,Elton Chigumbura,"India, elected to field first",40/1,21/2,2010
Zimbabwe,India,India,6 wickets,Harare,"Jun 12, 2010",/series/india-tour-of-zimbabwe-2010-452142/zimbabwe-vs-india-1st-t20i-452153/full-scorecard,Suresh Raina,Elton Chigumbura,"India, elected to field first",41/2,51/3,2010
India,Sri Lanka,Sri Lanka,5 wickets,Gros Islet,"May 11, 2010",/series/icc-world-twenty20-2010-412671/india-vs-sri-lanka-23rd-match-group-f-412699/full-scorecard,MS Dhoni,Kumar Sangakkara,"India, elected to bat first",41/2,52/1,2010
West Indies,India,West Indies,14 runs,Bridgetown,"May 9, 2010",/series/icc-world-twenty20-2010-412671/west-indies-vs-india-19th-match-group-f-412695/full-scorecard,MS Dhoni,Chris Gayle,"India, elected to field first",33/2,31/0,2010
Australia,India,Australia,49 runs,Bridgetown,"May 7, 2010",/series/icc-world-twenty20-2010-412671/australia-vs-india-15th-match-group-f-412691/full-scorecard,MS Dhoni,Michael Clarke,"India, elected to field first",24/4,53/0,2010
India,South Africa,India,14 runs,Gros Islet,"May 2, 2010",/series/icc-world-twenty20-2010-412671/india-vs-south-africa-5th-match-group-c-412682/full-scorecard,MS Dhoni,Graeme Smith,"South Africa, elected to field first",32/1,36/2,2010
Afghanistan,India,India,7 wickets,Gros Islet,"May 1, 2010",/series/icc-world-twenty20-2010-412671/afghanistan-vs-india-3rd-match-group-c-412679/full-scorecard,MS Dhoni,Nawroz Mangal,"India, elected to field first",47/2,29/3,2010
India,England,England,6 wickets,Eden Gardens,"Oct 29, 2011",/series/england-tour-of-india-2011-12-521211/india-vs-england-only-t20i-521217/full-scorecard,MS Dhoni,Graeme Swann,"India, elected to bat first",28/1,32/3,2011
England,India,England,6 wickets,Manchester,"Aug 31, 2011",/series/india-tour-of-england-2011-474450/england-vs-india-only-t20i-474476/full-scorecard,MS Dhoni,Stuart Broad,"India, elected to bat first",58/1,49/1,2011
West Indies,India,India,16 runs,Port of Spain,"Jun 4, 2011",/series/india-tour-of-west-indies-2011-489197/west-indies-vs-india-only-t20i-489220/full-scorecard,Suresh Raina,Daren Sammy,"West Indies, elected to field first",31/2,46/1,2011
South Africa,India,India,21 runs,Durban,"Jan 9, 2011",/series/india-tour-of-south-africa-2010-11-463136/south-africa-vs-india-only-t20i-463149/full-scorecard,MS Dhoni,Johan Botha,"India, elected to bat first",59/2,57/1,2011
India,Pakistan,India,11 runs,Ahmedabad,"Dec 28, 2012",/series/pakistan-tour-of-india-2012-13-589300/india-vs-pakistan-2nd-t20i-589307/full-scorecard,MS Dhoni,Mohammad Hafeez,"Pakistan, elected to field first",54/0,48/1,2012
India,Pakistan,Pakistan,5 wickets,Bengaluru,"Dec 25, 2012",/series/pakistan-tour-of-india-2012-13-589300/india-vs-pakistan-1st-t20i-589306/full-scorecard,MS Dhoni,Mohammad Hafeez,"Pakistan, elected to field first",22/3,37/0,2012
India,England,England,6 wickets,Wankhede,"Dec 22, 2012",/series/england-tour-of-india-2012-13-565792/india-vs-england-2nd-t20i-565811/full-scorecard,MS Dhoni,Eoin Morgan,"England, elected to field first",62/0,59/1,2012
India,England,India,5 wickets,Pune,"Dec 20, 2012",/series/england-tour-of-india-2012-13-565792/india-vs-england-1st-t20i-565810/full-scorecard,MS Dhoni,Eoin Morgan,"India, elected to field first",52/2,51/1,2012
India,South Africa,India,1 run,Colombo (RPS),"Oct 2, 2012",/series/icc-world-twenty20-2012-13-531597/india-vs-south-africa-24th-match-group-2-533295/full-scorecard,MS Dhoni,AB de Villiers,"South Africa, elected to field first",46/2,36/3,2012
India,Pakistan,India,8 wickets,Colombo (RPS),"Sep 30, 2012",/series/icc-world-twenty20-2012-13-531597/india-vs-pakistan-20th-match-group-2-533291/full-scorecard,MS Dhoni,Mohammad Hafeez,"Pakistan, elected to bat first",36/1,42/2,2012
Australia,India,Australia,9 wickets,Colombo (RPS),"Sep 28, 2012",/series/icc-world-twenty20-2012-13-531597/australia-vs-india-16th-match-group-2-533287/full-scorecard,MS Dhoni,George Bailey,"India, elected to bat first",47/0,50/1,2012
England,India,India,90 runs,Colombo (RPS),"Sep 23, 2012",/series/icc-world-twenty20-2012-13-531597/england-vs-india-10th-match-group-a-533281/full-scorecard,MS Dhoni,Stuart Broad,"England, elected to field first",39/3,52/1,2012
Afghanistan,India,India,23 runs,Colombo (RPS),"Sep 19, 2012",/series/icc-world-twenty20-2012-13-531597/afghanistan-vs-india-3rd-match-group-a-533274/full-scorecard,MS Dhoni,Nawroz Mangal,"Afghanistan, elected to field first",42/1,34/2,2012
India,New Zealand,New Zealand,1 run,Chennai,"Sep 11, 2012",/series/new-zealand-tour-of-india-2012-565793/india-vs-new-zealand-2nd-t20i-565820/full-scorecard,MS Dhoni,Ross Taylor,"India, elected to field first",47/1,36/2,2012
Sri Lanka,India,India,39 runs,Pallekele,"Aug 7, 2012",/series/india-tour-of-sri-lanka-2012-564778/sri-lanka-vs-india-only-t20i-564786/full-scorecard,MS Dhoni,Mahela Jayawardene,"Sri Lanka, elected to field first",52/3,50/1,2012
South Africa,India,South Africa,11 runs,Johannesburg,"Mar 30, 2012",/series/india-tour-of-south-africa-2011-12-556527/south-africa-vs-india-only-t20i-556252/full-scorecard,MS Dhoni,Johan Botha,"India, elected to field first",51/0,55/1,2012
Australia,India,India,8 wickets,Melbourne,"Feb 3, 2012",/series/india-tour-of-australia-2011-12-518944/australia-vs-india-2nd-t20i-518955/full-scorecard,MS Dhoni,George Bailey,"Australia, elected to bat first",42/0,42/2,2012
Australia,India,Australia,31 runs,Sydney,"Feb 1, 2012",/series/india-tour-of-australia-2011-12-518944/australia-vs-india-1st-t20i-518954/full-scorecard,MS Dhoni,George Bailey,"India, elected to field first",49/2,55/1,2012
India,Australia,India,6 wickets,Rajkot,"Oct 10, 2013",/series/australia-tour-of-india-2013-14-647237/india-vs-australia-only-t20i-647247/full-scorecard,MS Dhoni,George Bailey,"India, elected to field first",53/2,74/1,2013
England,India,England,3 runs,Birmingham,"Sep 7, 2014",/series/india-tour-of-england-2014-667693/england-vs-india-only-t20i-667731/full-scorecard,MS Dhoni,Eoin Morgan,"England, elected to bat first",53/1,46/2,2014
India,Sri Lanka,Sri Lanka,6 wickets,Mirpur,"Apr 6, 2014",/series/world-t20-2013-14-628368/india-vs-sri-lanka-final-682965/full-scorecard,MS Dhoni,Lasith Malinga,"Sri Lanka, elected to field first",41/2,31/1,2014
India,South Africa,India,6 wickets,Mirpur,"Apr 4, 2014",/series/world-t20-2013-14-628368/india-vs-south-africa-2nd-semi-final-682963/full-scorecard,MS Dhoni,Faf du Plessis,"South Africa, elected to bat first",56/1,44/2,2014
Australia,India,India,73 runs,Mirpur,"Mar 30, 2014",/series/world-t20-2013-14-628368/australia-vs-india-28th-match-group-2-682951/full-scorecard,MS Dhoni,George Bailey,"Australia, elected to field first",27/3,44/1,2014
Bangladesh,India,India,8 wickets,Mirpur,"Mar 28, 2014",/series/world-t20-2013-14-628368/bangladesh-vs-india-24th-match-group-2-682943/full-scorecard,MS Dhoni,Mushfiqur Rahim,"India, elected to field first",39/1,27/3,2014
India,West Indies,India,7 wickets,Mirpur,"Mar 23, 2014",/series/world-t20-2013-14-628368/india-vs-west-indies-17th-match-group-2-682929/full-scorecard,MS Dhoni,Daren Sammy,"India, elected to field first",48/1,24/0,2014
India,Pakistan,India,7 wickets,Mirpur,"Mar 21, 2014",/series/world-t20-2013-14-628368/india-vs-pakistan-13th-match-group-2-682921/full-scorecard,MS Dhoni,Mohammad Hafeez,"India, elected to field first",38/0,34/1,2014
India,South Africa,South Africa,6 wickets,Cuttack,"Oct 5, 2015",/series/south-africa-tour-of-india-2015-16-903573/india-vs-south-africa-2nd-t20i-903589/full-scorecard,MS Dhoni,Faf du Plessis,"South Africa, elected to field first",38/2,35/2,2015
India,South Africa,South Africa,7 wickets,Dharamsala,"Oct 2, 2015",/series/south-africa-tour-of-india-2015-16-903573/india-vs-south-africa-1st-t20i-903587/full-scorecard,MS Dhoni,Faf du Plessis,"South Africa, elected to field first",67/0,46/1,2015
Zimbabwe,India,Zimbabwe,10 runs,Harare,"Jul 19, 2015",/series/india-tour-of-zimbabwe-2015-885951/zimbabwe-vs-india-2nd-t20i-885971/full-scorecard,Ajinkya Rahane,Sikandar Raza,"Zimbabwe, elected to bat first",57/1,49/2,2015
Zimbabwe,India,India,54 runs,Harare,"Jul 17, 2015",/series/india-tour-of-zimbabwe-2015-885951/zimbabwe-vs-india-1st-t20i-885969/full-scorecard,Ajinkya Rahane,Elton Chigumbura,"India, elected to bat first",38/0,58/0,2015
India,West Indies,West Indies,1 run,Lauderhill,"Aug 27, 2016",/series/india-tour-of-wi-2016-1018687/india-vs-west-indies-1st-t20i-1041615/full-scorecard,MS Dhoni,Carlos Brathwaite,"India, elected to field first",67/2,78/0,2016
Zimbabwe,India,India,3 runs,Harare,"Jun 22, 2016",/series/india-tour-of-zimbabwe-2016-1007647/zimbabwe-vs-india-3rd-t20i-1007659/full-scorecard,MS Dhoni,Graeme Cremer,"Zimbabwe, elected to field first",40/1,29/3,2016
Zimbabwe,India,India,10 wickets,Harare,"Jun 20, 2016",/series/india-tour-of-zimbabwe-2016-1007647/zimbabwe-vs-india-2nd-t20i-1007657/full-scorecard,MS Dhoni,Graeme Cremer,"Zimbabwe, elected to bat first",37/0,35/4,2016
Zimbabwe,India,Zimbabwe,2 runs,Harare,"Jun 18, 2016",/series/india-tour-of-zimbabwe-2016-1007647/zimbabwe-vs-india-1st-t20i-1007655/full-scorecard,MS Dhoni,Graeme Cremer,"India, elected to field first",44/2,41/1,2016
India,West Indies,West Indies,7 wickets,Wankhede,"Mar 31, 2016",/series/world-t20-2015-16-901359/india-vs-west-indies-2nd-semi-final-951371/full-scorecard,MS Dhoni,Daren Sammy,"West Indies, elected to field first",44/2,55/0,2016
India,Australia,India,6 wickets,Mohali,"Mar 27, 2016",/series/world-t20-2015-16-901359/india-vs-australia-31st-match-super-10-group-2-951363/full-scorecard,MS Dhoni,Steven Smith,"Australia, elected to bat first",37/2,59/1,2016
India,Bangladesh,India,1 run,Bengaluru,"Mar 23, 2016",/series/world-t20-2015-16-901359/india-vs-bangladesh-25th-match-super-10-group-2-951353/full-scorecard,MS Dhoni,Mashrafe Mortaza,"Bangladesh, elected to field first",45/1,42/1,2016
India,Pakistan,India,6 wickets,Eden Gardens,"Mar 19, 2016",/series/world-t20-2015-16-901359/india-vs-pakistan-19th-match-super-10-group-2-951341/full-scorecard,MS Dhoni,Shahid Afridi,"India, elected to field first",28/3,28/0,2016
India,New Zealand,New Zealand,47 runs,Nagpur,"Mar 15, 2016",/series/world-t20-2015-16-901359/india-vs-new-zealand-13th-match-super-10-group-2-951329/full-scorecard,MS Dhoni,Kane Williamson,"New Zealand, elected to bat first",29/4,33/2,2016
Bangladesh,India,India,8 wickets,Mirpur,"Mar 6, 2016",/series/asia-cup-2015-16-966595/bangladesh-vs-india-final-966765/full-scorecard,MS Dhoni,Mashrafe Mortaza,"India, elected to field first",48/1,35/2,2016
India,U.A.E.,India,9 wickets,Mirpur,"Mar 3, 2016",/series/asia-cup-2015-16-966595/india-vs-united-arab-emirates-9th-match-966761/full-scorecard,MS Dhoni,Amjad Javed,"United Arab Emirates, elected to bat first",43/1,21/2,2016
India,Sri Lanka,India,5 wickets,Mirpur,"Mar 1, 2016",/series/asia-cup-2015-16-966595/india-vs-sri-lanka-7th-match-966757/full-scorecard,MS Dhoni,Angelo Mathews,"India, elected to field first",37/2,31/2,2016
India,Pakistan,India,5 wickets,Mirpur,"Feb 27, 2016",/series/asia-cup-2015-16-966595/india-vs-pakistan-4th-match-966751/full-scorecard,MS Dhoni,Shahid Afridi,"India, elected to field first",21/3,32/3,2016
Bangladesh,India,India,45 runs,Mirpur,"Feb 24, 2016",/series/asia-cup-2015-16-966595/bangladesh-vs-india-1st-match-966745/full-scorecard,MS Dhoni,Mashrafe Mortaza,"Bangladesh, elected to field first",31/2,31/2,2016
India,Sri Lanka,India,9 wickets,Visakhapatnam,"Feb 14, 2016",/series/sri-lanka-tour-of-india-and-bangladesh-2015-16-954159/india-vs-sri-lanka-3rd-t20i-963701/full-scorecard,MS Dhoni,Dinesh Chandimal,"India, elected to field first",35/1,29/5,2016
India,Sri Lanka,India,69 runs,Ranchi,"Feb 12, 2016",/series/sri-lanka-tour-of-india-and-bangladesh-2015-16-954159/india-vs-sri-lanka-2nd-t20i-963699/full-scorecard,MS Dhoni,Dinesh Chandimal,"Sri Lanka, elected to field first",37/3,70/0,2016
India,Sri Lanka,Sri Lanka,5 wickets,Pune,"Feb 9, 2016",/series/sri-lanka-tour-of-india-and-bangladesh-2015-16-954159/india-vs-sri-lanka-1st-t20i-963697/full-scorecard,MS Dhoni,Dinesh Chandimal,"Sri Lanka, elected to field first",28/2,40/3,2016
Australia,India,India,7 wickets,Sydney,"Jan 31, 2016",/series/india-tour-of-australia-2015-16-895801/australia-vs-india-3rd-t20i-895821/full-scorecard,MS Dhoni,Shane Watson,"Australia, elected to bat first",74/1,57/1,2016
Australia,India,India,27 runs,Melbourne,"Jan 29, 2016",/series/india-tour-of-australia-2015-16-895801/australia-vs-india-2nd-t20i-895819/full-scorecard,MS Dhoni,Aaron Finch,"Australia, elected to field first",62/0,50/0,2016
Australia,India,India,37 runs,Adelaide,"Jan 26, 2016",/series/india-tour-of-australia-2015-16-895801/australia-vs-india-1st-t20i-895817/full-scorecard,MS Dhoni,Aaron Finch,"Australia, elected to field first",56/1,54/2,2016
India,Sri Lanka,India,5 wickets,Wankhede,"Dec 24, 2017",/series/sl-in-india-2017-18-1122718/india-vs-sri-lanka-3rd-t20i-1122731/full-scorecard,Rohit Sharma,Thisara Perera,"India, elected to field first",37/1,37/3,2017
India,Sri Lanka,India,88 runs,Indore,"Dec 22, 2017",/series/sl-in-india-2017-18-1122718/india-vs-sri-lanka-2nd-t20i-1122730/full-scorecard,Rohit Sharma,Thisara Perera,"Sri Lanka, elected to field first",61/1,59/0,2017
India,Sri Lanka,India,93 runs,Cuttack,"Dec 20, 2017",/series/sl-in-india-2017-18-1122718/india-vs-sri-lanka-1st-t20i-1122729/full-scorecard,Rohit Sharma,Thisara Perera,"Sri Lanka, elected to field first",40/2,50/1,2017
India,New Zealand,India,6 runs,Thiruvananthapuram,"Nov 7, 2017",/series/new-zealand-in-india-2017-18-1120077/india-vs-new-zealand-3rd-t20i-1120095/full-scorecard,Virat Kohli,Kane Williamson,"New Zealand, elected to field first",39/4,50/4,2017
India,New Zealand,New Zealand,40 runs,Rajkot,"Nov 4, 2017",/series/new-zealand-in-india-2017-18-1120077/india-vs-new-zealand-2nd-t20i-1120094/full-scorecard,Virat Kohli,Kane Williamson,"New Zealand, elected to bat first",40/2,48/0,2017
India,New Zealand,India,53 runs,Delhi,"Nov 1, 2017",/series/new-zealand-in-india-2017-18-1120077/india-vs-new-zealand-1st-t20i-1120093/full-scorecard,Virat Kohli,Kane Williamson,"New Zealand, elected to field first",33/2,46/0,2017
India,Australia,Australia,8 wickets,Guwahati,"Oct 10, 2017",/series/aus-in-ind-2017-18-1116552/india-vs-australia-2nd-t20i-1119502/full-scorecard,Virat Kohli,David Warner,"Australia, elected to field first",34/2,38/4,2017
India,Australia,India,9 wickets,Ranchi,"Oct 7, 2017",/series/aus-in-ind-2017-18-1116552/india-vs-australia-1st-t20i-1119501/full-scorecard,Virat Kohli,David Warner,"India, elected to field first",49/1,49/1,2017
Sri Lanka,India,India,7 wickets,Colombo (RPS),"Sep 6, 2017",/series/sl-v-ind-2017-1109590/sri-lanka-vs-india-only-t20i-1109610/full-scorecard,Virat Kohli,Upul Tharanga,"India, elected to field first",43/2,60/2,2017
West Indies,India,West Indies,9 wickets,Kingston,"Jul 9, 2017",/series/wi-v-ind-2017-1098203/west-indies-vs-india-only-t20i-1098211/full-scorecard,Virat Kohli,Carlos Brathwaite,"West Indies, elected to field first",66/0,66/2,2017
India,England,India,75 runs,Bengaluru,"Feb 1, 2017",/series/england-tour-of-india-2016-17-1030195/india-vs-england-3rd-t20i-1034829/full-scorecard,Virat Kohli,Eoin Morgan,"England, elected to field first",55/1,53/1,2017
India,England,India,5 runs,Nagpur,"Jan 29, 2017",/series/england-tour-of-india-2016-17-1030195/india-vs-england-2nd-t20i-1034827/full-scorecard,Virat Kohli,Eoin Morgan,"England, elected to field first",36/2,46/1,2017
India,England,England,7 wickets,Kanpur,"Jan 26, 2017",/series/england-tour-of-india-2016-17-1030195/india-vs-england-1st-t20i-1034825/full-scorecard,Virat Kohli,Eoin Morgan,"England, elected to field first",48/2,47/1,2017
Australia,India,India,6 wickets,Sydney,"Nov 25, 2018",/series/india-in-aus-2018-19-1145097/australia-vs-india-3rd-t20i-1144992/full-scorecard,Virat Kohli,Aaron Finch,"Australia, elected to bat first",67/1,49/0,2018
Australia,India,Australia,4 runs,Brisbane,"Nov 21, 2018",/series/india-in-aus-2018-19-1145097/australia-vs-india-1st-t20i-1144990/full-scorecard,Virat Kohli,Aaron Finch,"India, elected to field first",53/1,38/1,2018
India,West Indies,India,6 wickets,Chennai,"Nov 11, 2018",/series/west-indies-in-india-2018-19-1157747/india-vs-west-indies-3rd-t20i-1157761/full-scorecard,Rohit Sharma,Carlos Brathwaite,"West Indies, elected to bat first",50/2,51/0,2018
India,West Indies,India,71 runs,Lucknow,"Nov 6, 2018",/series/west-indies-in-india-2018-19-1157747/india-vs-west-indies-2nd-t20i-1157760/full-scorecard,Rohit Sharma,Carlos Brathwaite,"West Indies, elected to field first",39/2,49/0,2018
India,West Indies,India,5 wickets,Eden Gardens,"Nov 4, 2018",/series/west-indies-in-india-2018-19-1157747/india-vs-west-indies-1st-t20i-1157759/full-scorecard,Rohit Sharma,Carlos Brathwaite,"India, elected to field first",35/3,31/3,2018
England,India,India,7 wickets,Bristol,"Jul 8, 2018",/series/india-tour-of-england-2018-1119528/england-vs-india-3rd-t20i-1119545/full-scorecard,Virat Kohli,Eoin Morgan,"India, elected to field first",70/2,73/0,2018
England,India,England,5 wickets,Cardiff,"Jul 6, 2018",/series/india-tour-of-england-2018-1119528/england-vs-india-2nd-t20i-1119544/full-scorecard,Virat Kohli,Eoin Morgan,"England, elected to field first",42/2,31/3,2018
England,India,India,8 wickets,Manchester,"Jul 3, 2018",/series/india-tour-of-england-2018-1119528/england-vs-india-1st-t20i-1119543/full-scorecard,Virat Kohli,Eoin Morgan,"India, elected to field first",54/1,53/1,2018
Ireland,India,India,143 runs,Dublin (Malahide),"Jun 29, 2018",/series/india-tour-of-england-2018-1119528/ireland-vs-india-2nd-t20i-1140993/full-scorecard,Virat Kohli,Gary Wilson,"Ireland, elected to field first",30/4,57/1,2018
Ireland,India,India,76 runs,Dublin (Malahide),"Jun 27, 2018",/series/india-tour-of-england-2018-1119528/ireland-vs-india-1st-t20i-1140992/full-scorecard,Virat Kohli,Gary Wilson,"Ireland, elected to field first",43/1,59/0,2018
Bangladesh,India,India,4 wickets,Colombo (RPS),"Mar 18, 2018",/series/nidahas-t20-series-2017-18-1133811/bangladesh-vs-india-final-1133823/full-scorecard,Rohit Sharma,Shakib Al Hasan,"India, elected to field first",56/2,40/3,2018
Bangladesh,India,India,17 runs,Colombo (RPS),"Mar 14, 2018",/series/nidahas-t20-series-2017-18-1133811/bangladesh-vs-india-5th-match-1133821/full-scorecard,Rohit Sharma,Mahmudullah,"Bangladesh, elected to field first",48/3,49/0,2018
Sri Lanka,India,India,6 wickets,Colombo (RPS),"Mar 12, 2018",/series/nidahas-t20-series-2017-18-1133811/sri-lanka-vs-india-4th-match-1133820/full-scorecard,Rohit Sharma,Thisara Perera,"India, elected to field first",50/2,53/2,2018
Bangladesh,India,India,6 wickets,Colombo (RPS),"Mar 8, 2018",/series/nidahas-t20-series-2017-18-1133811/bangladesh-vs-india-2nd-match-1133818/full-scorecard,Rohit Sharma,Mahmudullah,"India, elected to field first",47/2,44/2,2018
Sri Lanka,India,Sri Lanka,5 wickets,Colombo (RPS),"Mar 6, 2018",/series/nidahas-t20-series-2017-18-1133811/sri-lanka-vs-india-1st-match-1133817/full-scorecard,Rohit Sharma,Dinesh Chandimal,"Sri Lanka, elected to field first",75/2,40/2,2018
South Africa,India,India,7 runs,Cape Town,"Feb 24, 2018",/series/south-africa-v-india-2018-2017-18-1122268/south-africa-vs-india-3rd-t20i-1122287/full-scorecard,Rohit Sharma,Jean-Paul Duminy,"South Africa, elected to field first",25/1,57/1,2018
South Africa,India,South Africa,6 wickets,Centurion,"Feb 21, 2018",/series/south-africa-v-india-2018-2017-18-1122268/south-africa-vs-india-2nd-t20i-1122286/full-scorecard,Virat Kohli,Jean-Paul Duminy,"South Africa, elected to field first",50/2,45/3,2018
South Africa,India,India,28 runs,Johannesburg,"Feb 18, 2018",/series/south-africa-v-india-2018-2017-18-1122268/south-africa-vs-india-1st-t20i-1122285/full-scorecard,Virat Kohli,Jean-Paul Duminy,"South Africa, elected to field first",41/2,78/2,2018
India,West Indies,India,67 runs,Wankhede,"Dec 11, 2019",/series/west-indies-in-india-2019-20-1186986/india-vs-west-indies-3rd-t20i-1187020/full-scorecard,Virat Kohli,Kieron Pollard,"West Indies, elected to field first",41/3,72/0,2019
India,West Indies,West Indies,8 wickets,Thiruvananthapuram,"Dec 8, 2019",/series/west-indies-in-india-2019-20-1186986/india-vs-west-indies-2nd-t20i-1187019/full-scorecard,Virat Kohli,Kieron Pollard,"West Indies, elected to field first",41/0,42/1,2019
India,West Indies,India,6 wickets,Hyderabad,"Dec 6, 2019",/series/west-indies-in-india-2019-20-1186986/india-vs-west-indies-1st-t20i-1187018/full-scorecard,Virat Kohli,Kieron Pollard,"India, elected to field first",50/1,66/2,2019
India,Bangladesh,India,30 runs,Nagpur,"Nov 10, 2019",/series/bangladesh-in-india-2019-20-1186982/india-vs-bangladesh-3rd-t20i-1187015/full-scorecard,Rohit Sharma,Mahmudullah,"Bangladesh, elected to field first",33/2,41/2,2019
India,Bangladesh,India,8 wickets,Rajkot,"Nov 7, 2019",/series/bangladesh-in-india-2019-20-1186982/india-vs-bangladesh-2nd-t20i-1187014/full-scorecard,Rohit Sharma,Mahmudullah,"India, elected to field first",63/0,54/0,2019
India,Bangladesh,Bangladesh,7 wickets,Delhi,"Nov 3, 2019",/series/bangladesh-in-india-2019-20-1186982/india-vs-bangladesh-1st-t20i-1187013/full-scorecard,Rohit Sharma,Mahmudullah,"Bangladesh, elected to field first",45/1,35/1,2019
India,South Africa,South Africa,9 wickets,Bengaluru,"Sep 22, 2019",/series/south-africa-in-india-2019-20-1186975/india-vs-south-africa-3rd-t20i-1187006/full-scorecard,Virat Kohli,Quinton de Kock,"India, elected to bat first",43/0,54/1,2019
India,South Africa,India,7 wickets,Mohali,"Sep 18, 2019",/series/south-africa-in-india-2019-20-1186975/india-vs-south-africa-2nd-t20i-1187005/full-scorecard,Virat Kohli,Quinton de Kock,"India, elected to field first",47/1,39/1,2019
West Indies,India,India,7 wickets,Providence,"Aug 6, 2019",/series/india-tour-of-west-indies-2019-1188617/west-indies-vs-india-3rd-t20i-1188623/full-scorecard,Virat Kohli,Carlos Brathwaite,"India, elected to field first",34/2,22/3,2019
India,West Indies,India,22 runs,Lauderhill,"Aug 4, 2019",/series/india-tour-of-west-indies-2019-1188617/india-vs-west-indies-2nd-t20i-1188622/full-scorecard,Virat Kohli,Carlos Brathwaite,"India, elected to bat first",25/2,52/0,2019
India,West Indies,India,4 wickets,Lauderhill,"Aug 3, 2019",/series/india-tour-of-west-indies-2019-1188617/india-vs-west-indies-1st-t20i-1188621/full-scorecard,Virat Kohli,Carlos Brathwaite,"India, elected to field first",31/1,33/5,2019
India,Australia,Australia,7 wickets,Bengaluru,"Feb 27, 2019",/series/aus-in-ind-2018-19-1168237/india-vs-australia-2nd-t20i-1168248/full-scorecard,Virat Kohli,Aaron Finch,"Australia, elected to field first",42/2,53/0,2019
India,Australia,Australia,3 wickets,Visakhapatnam,"Feb 24, 2019",/series/aus-in-ind-2018-19-1168237/india-vs-australia-1st-t20i-1168247/full-scorecard,Virat Kohli,Aaron Finch,"Australia, elected to field first",41/2,49/1,2019
New Zealand,India,New Zealand,4 runs,Hamilton,"Feb 10, 2019",/series/india-in-new-zealand-2018-19-1153688/new-zealand-vs-india-3rd-t20i-1153698/full-scorecard,Rohit Sharma,Kane Williamson,"India, elected to field first",57/1,66/0,2019
New Zealand,India,India,7 wickets,Auckland,"Feb 8, 2019",/series/india-in-new-zealand-2018-19-1153688/new-zealand-vs-india-2nd-t20i-1153697/full-scorecard,Rohit Sharma,Kane Williamson,"New Zealand, elected to bat first",50/0,43/3,2019
New Zealand,India,New Zealand,80 runs,Wellington,"Feb 6, 2019",/series/india-in-new-zealand-2018-19-1153688/new-zealand-vs-india-1st-t20i-1153696/full-scorecard,Rohit Sharma,Kane Williamson,"India, elected to field first",53/2,66/0,2019
Australia,India,Australia,12 runs,Sydney,"Dec 8, 2020",/series/india-in-australia-2020-21-1223867/australia-vs-india-3rd-t20i-1223954/full-scorecard,Virat Kohli,Aaron Finch,"India, elected to field first",55/1,51/1,2020
Australia,India,India,6 wickets,Sydney,"Dec 6, 2020",/series/india-in-australia-2020-21-1223867/australia-vs-india-2nd-t20i-1223953/full-scorecard,Virat Kohli,Matthew Wade,"India, elected to field first",60/1,59/1,2020
Australia,India,India,11 runs,Canberra,"Dec 4, 2020",/series/india-in-australia-2020-21-1223867/australia-vs-india-1st-t20i-1223952/full-scorecard,Virat Kohli,Aaron Finch,"Australia, elected to field first",53/0,42/1,2020
New Zealand,India,India,7 runs,Mount Maunganui,"Feb 2, 2020",/series/india-in-new-zealand-2019-20-1187673/new-zealand-vs-india-5th-t20i-1187681/full-scorecard,Rohit Sharma,Tim Southee,"India, elected to bat first",41/3,53/1,2020
New Zealand,India,India,7 wickets,Auckland,"Jan 26, 2020",/series/india-in-new-zealand-2019-20-1187673/new-zealand-vs-india-2nd-t20i-1187678/full-scorecard,Virat Kohli,Kane Williamson,"New Zealand, elected to bat first",40/2,48/1,2020
New Zealand,India,India,6 wickets,Auckland,"Jan 24, 2020",/series/india-in-new-zealand-2019-20-1187673/new-zealand-vs-india-1st-t20i-1187677/full-scorecard,Virat Kohli,Kane Williamson,"India, elected to field first",65/1,68/0,2020
India,Sri Lanka,India,78 runs,Pune,"Jan 10, 2020",/series/sri-lanka-tour-of-india-2019-20-1202239/india-vs-sri-lanka-3rd-t20i-1202244/full-scorecard,Virat Kohli,Lasith Malinga,"Sri Lanka, elected to field first",35/4,63/0,2020
India,Sri Lanka,India,7 wickets,Indore,"Jan 7, 2020",/series/sri-lanka-tour-of-india-2019-20-1202239/india-vs-sri-lanka-2nd-t20i-1202243/full-scorecard,Virat Kohli,Lasith Malinga,"India, elected to field first",54/0,48/1,2020
India,New Zealand,India,73 runs,Eden Gardens,"Nov 21, 2021",/series/new-zealand-in-india-2021-22-1278658/india-vs-new-zealand-3rd-t20i-1278673/full-scorecard,Rohit Sharma,Mitchell Santner,"India, elected to bat first",37/3,69/0,2021
India,New Zealand,India,7 wickets,Ranchi,"Nov 19, 2021",/series/new-zealand-in-india-2021-22-1278658/india-vs-new-zealand-2nd-t20i-1278672/full-scorecard,Rohit Sharma,Tim Southee,"India, elected to field first",45/0,64/1,2021
India,New Zealand,India,5 wickets,Jaipur,"Nov 17, 2021",/series/new-zealand-in-india-2021-22-1278658/india-vs-new-zealand-1st-t20i-1278671/full-scorecard,Rohit Sharma,Tim Southee,"India, elected to field first",56/1,41/1,2021
India,Namibia,India,9 wickets,Dubai (DICS),"Nov 8, 2021",/series/icc-men-s-t20-world-cup-2021-22-1267897/india-vs-namibia-42nd-match-group-2-1273753/full-scorecard,Virat Kohli,Gerhard Erasmus,"India, elected to field first",54/0,34/2,2021
India,Scotland,India,8 wickets,Dubai (DICS),"Nov 5, 2021",/series/icc-men-s-t20-world-cup-2021-22-1267897/india-vs-scotland-37th-match-group-2-1273748/full-scorecard,Virat Kohli,Kyle Coetzer,"India, elected to field first",82/2,27/2,2021
Afghanistan,India,India,66 runs,Abu Dhabi,"Nov 3, 2021",/series/icc-men-s-t20-world-cup-2021-22-1267897/afghanistan-vs-india-33rd-match-group-2-1273744/full-scorecard,Virat Kohli,Mohammad Nabi,"Afghanistan, elected to field first",47/2,53/0,2021
India,New Zealand,New Zealand,8 wickets,Dubai (DICS),"Oct 31, 2021",/series/icc-men-s-t20-world-cup-2021-22-1267897/india-vs-new-zealand-28th-match-group-2-1273739/full-scorecard,Virat Kohli,Kane Williamson,"New Zealand, elected to field first",44/1,35/2,2021
India,Pakistan,Pakistan,10 wickets,Dubai (DICS),"Oct 24, 2021",/series/icc-men-s-t20-world-cup-2021-22-1267897/india-vs-pakistan-16th-match-group-2-1273727/full-scorecard,Virat Kohli,Babar Azam,"Pakistan, elected to field first",43/0,36/3,2021
Sri Lanka,India,Sri Lanka,7 wickets,Colombo (RPS),"Jul 29, 2021",/series/india-tour-of-sri-lanka-2021-1262739/sri-lanka-vs-india-3rd-t20i-1262760/full-scorecard,Shikhar Dhawan,Dasun Shanaka,"India, elected to bat first",23/1,29/4,2021
Sri Lanka,India,Sri Lanka,4 wickets,Colombo (RPS),"Jul 28, 2021",/series/india-tour-of-sri-lanka-2021-1262739/sri-lanka-vs-india-2nd-t20i-1262759/full-scorecard,Shikhar Dhawan,Dasun Shanaka,"Sri Lanka, elected to field first",36/1,45/0,2021
Sri Lanka,India,India,38 runs,Colombo (RPS),"Jul 25, 2021",/series/india-tour-of-sri-lanka-2021-1262739/sri-lanka-vs-india-1st-t20i-1262758/full-scorecard,Shikhar Dhawan,Dasun Shanaka,"Sri Lanka, elected to field first",46/1,51/1,2021
India,England,India,36 runs,Ahmedabad,"Mar 20, 2021",/series/england-tour-of-india-2020-21-1243364/india-vs-england-5th-t20i-1243392/full-scorecard,Virat Kohli,Eoin Morgan,"England, elected to field first",62/1,60/0,2021
India,England,India,8 runs,Ahmedabad,"Mar 18, 2021",/series/england-tour-of-india-2020-21-1243364/india-vs-england-4th-t20i-1243391/full-scorecard,Virat Kohli,Eoin Morgan,"England, elected to field first",48/1,45/1,2021
India,England,England,8 wickets,Ahmedabad,"Mar 16, 2021",/series/england-tour-of-india-2020-21-1243364/india-vs-england-3rd-t20i-1243390/full-scorecard,Virat Kohli,Eoin Morgan,"England, elected to field first",57/1,24/3,2021
India,England,India,7 wickets,Ahmedabad,"Mar 14, 2021",/series/england-tour-of-india-2020-21-1243364/india-vs-england-2nd-t20i-1243389/full-scorecard,Virat Kohli,Eoin Morgan,"India, elected to field first",50/1,44/1,2021
India,England,England,8 wickets,Ahmedabad,"Mar 12, 2021",/series/england-tour-of-india-2020-21-1243364/india-vs-england-1st-t20i-1243388/full-scorecard,Virat Kohli,Eoin Morgan,"England, elected to field first",50/0,22/3,2021
New Zealand,India,India,65 runs,Mount Maunganui,"Nov 20, 2022",/series/india-in-new-zealand-2022-23-1322272/new-zealand-vs-india-2nd-t20i-1322276/full-scorecard,Hardik Pandya,Kane Williamson,"New Zealand, elected to field first",32/1,42/1,2022
England,India,England,10 wickets,Adelaide,"Nov 10, 2022",/series/icc-men-s-t20-world-cup-2022-23-1298134/england-vs-india-2nd-semi-final-1298178/full-scorecard,Rohit Sharma,Jos Buttler,"England, elected to field first",63/0,38/1,2022
India,Zimbabwe,India,71 runs,Melbourne,"Nov 6, 2022",/series/icc-men-s-t20-world-cup-2022-23-1298134/india-vs-zimbabwe-42nd-match-group-2-1298176/full-scorecard,Rohit Sharma,Craig Ervine,"India, elected to bat first",28/3,46/1,2022
Bangladesh,India,India,5 runs,Adelaide,"Nov 2, 2022",/series/icc-men-s-t20-world-cup-2022-23-1298134/bangladesh-vs-india-35th-match-group-2-1298169/full-scorecard,Rohit Sharma,Shakib Al Hasan,"Bangladesh, elected to field first",60/0,37/1,2022
India,South Africa,South Africa,5 wickets,Perth,"Oct 30, 2022",/series/icc-men-s-t20-world-cup-2022-23-1298134/india-vs-south-africa-30th-match-group-2-1298164/full-scorecard,Rohit Sharma,Temba Bavuma,"India, elected to bat first",24/3,33/2,2022
India,Netherlands,India,56 runs,Sydney,"Oct 27, 2022",/series/icc-men-s-t20-world-cup-2022-23-1298134/india-vs-netherlands-23rd-match-group-2-1298157/full-scorecard,Rohit Sharma,Scott Edwards,"India, elected to bat first",27/2,32/1,2022
India,Pakistan,India,4 wickets,Melbourne,"Oct 23, 2022",/series/icc-men-s-t20-world-cup-2022-23-1298134/india-vs-pakistan-16th-match-group-2-1298150/full-scorecard,Rohit Sharma,Babar Azam,"India, elected to field first",31/3,32/2,2022
India,South Africa,South Africa,49 runs,Indore,"Oct 4, 2022",/series/south-africa-in-india-2022-23-1327499/india-vs-south-africa-3rd-t20i-1327508/full-scorecard,Rohit Sharma,Temba Bavuma,"India, elected to field first",64/3,48/1,2022
India,South Africa,India,16 runs,Guwahati,"Oct 2, 2022",/series/south-africa-in-india-2022-23-1327499/india-vs-south-africa-2nd-t20i-1327507/full-scorecard,Rohit Sharma,Temba Bavuma,"South Africa, elected to field first",45/2,57/0,2022
India,South Africa,India,8 wickets,Thiruvananthapuram,"Sep 28, 2022",/series/south-africa-in-india-2022-23-1327499/india-vs-south-africa-1st-t20i-1327506/full-scorecard,Rohit Sharma,Temba Bavuma,"India, elected to field first",17/1,30/5,2022
India,Australia,India,6 wickets,Hyderabad,"Sep 25, 2022",/series/australia-in-india-2022-1327497/india-vs-australia-3rd-t20i-1327505/full-scorecard,Rohit Sharma,Aaron Finch,"India, elected to field first",50/2,66/2,2022
India,Australia,India,6 wickets,Nagpur,"Sep 23, 2022",/series/australia-in-india-2022-1327497/india-vs-australia-2nd-t20i-1327504/full-scorecard,Rohit Sharma,Aaron Finch,"India, elected to field first",69/3,59/4,2022
India,Australia,Australia,4 wickets,Mohali,"Sep 20, 2022",/series/australia-in-india-2022-1327497/india-vs-australia-1st-t20i-1327503/full-scorecard,Rohit Sharma,Aaron Finch,"Australia, elected to field first",60/1,46/2,2022
Afghanistan,India,India,101 runs,Dubai (DICS),"Sep 8, 2022",/series/men-s-t20-asia-cup-2022-1327237/afghanistan-vs-india-11th-match-super-four-1327279/full-scorecard,KL Rahul,Mohammad Nabi,"Afghanistan, elected to field first",21/5,52/0,2022
India,Sri Lanka,Sri Lanka,6 wickets,Dubai (DICS),"Sep 6, 2022",/series/men-s-t20-asia-cup-2022-1327237/india-vs-sri-lanka-9th-match-super-four-1327277/full-scorecard,Rohit Sharma,Dasun Shanaka,"Sri Lanka, elected to field first",57/0,44/2,2022
India,Pakistan,Pakistan,5 wickets,Dubai (DICS),"Sep 4, 2022",/series/men-s-t20-asia-cup-2022-1327237/india-vs-pakistan-8th-match-super-four-1327276/full-scorecard,Rohit Sharma,Babar Azam,"Pakistan, elected to field first",44/1,62/1,2022
Hong Kong,India,India,40 runs,Dubai (DICS),"Aug 31, 2022",/series/men-s-t20-asia-cup-2022-1327237/hong-kong-vs-india-4th-match-group-a-1327272/full-scorecard,Rohit Sharma,Nizakat Khan,"Hong Kong, elected to field first",51/2,44/1,2022
India,Pakistan,India,5 wickets,Dubai (DICS),"Aug 28, 2022",/series/men-s-t20-asia-cup-2022-1327237/india-vs-pakistan-2nd-match-group-a-1327270/full-scorecard,Rohit Sharma,Babar Azam,"India, elected to field first",38/1,43/2,2022
India,West Indies,India,88 runs,Lauderhill,"Aug 7, 2022",/series/india-in-west-indies-2022-1317885/india-vs-west-indies-5th-t20i-1317907/full-scorecard,Hardik Pandya,Nicholas Pooran,"India, elected to bat first",38/3,53/1,2022
India,West Indies,India,59 runs,Lauderhill,"Aug 6, 2022",/series/india-in-west-indies-2022-1317885/india-vs-west-indies-4th-t20i-1317906/full-scorecard,Rohit Sharma,Nicholas Pooran,"West Indies, elected to field first",61/3,65/2,2022
West Indies,India,India,7 wickets,Basseterre,"Aug 2, 2022",/series/india-in-west-indies-2022-1317885/west-indies-vs-india-3rd-t20i-1317905/full-scorecard,Rohit Sharma,Nicholas Pooran,"India, elected to field first",56/0,45/0,2022
West Indies,India,West Indies,5 wickets,Basseterre,"Aug 1, 2022",/series/india-in-west-indies-2022-1317885/west-indies-vs-india-2nd-t20i-1317904/full-scorecard,Rohit Sharma,Nicholas Pooran,"West Indies, elected to field first",46/0,56/3,2022
West Indies,India,India,68 runs,Tarouba,"Jul 29, 2022",/series/india-in-west-indies-2022-1317885/west-indies-vs-india-1st-t20i-1317903/full-scorecard,Rohit Sharma,Nicholas Pooran,"West Indies, elected to field first",42/3,45/2,2022
England,India,England,17 runs,Nottingham,"Jul 10, 2022",/series/india-in-england-2022-1276893/england-vs-india-3rd-t20i-1276906/full-scorecard,Rohit Sharma,Jos Buttler,"England, elected to bat first",34/3,52/1,2022
England,India,India,49 runs,Birmingham,"Jul 9, 2022",/series/india-in-england-2022-1276893/england-vs-india-2nd-t20i-1276905/full-scorecard,Rohit Sharma,Jos Buttler,"England, elected to field first",36/3,61/1,2022
England,India,India,50 runs,Southampton,"Jul 7, 2022",/series/india-in-england-2022-1276893/england-vs-india-1st-t20i-1276904/full-scorecard,Rohit Sharma,Jos Buttler,"India, elected to bat first",32/3,66/2,2022
Ireland,India,India,4 runs,Dublin (Malahide),"Jun 28, 2022",/series/india-in-ireland-2022-1303299/ireland-vs-india-2nd-t20i-1303308/full-scorecard,Hardik Pandya,Andy Balbirnie,"India, elected to bat first",73/1,54/1,2022
Ireland,India,India,7 wickets,Dublin (Malahide),"Jun 26, 2022",/series/india-in-ireland-2022-1303299/ireland-vs-india-1st-t20i-1303307/full-scorecard,Hardik Pandya,Andy Balbirnie,"India, elected to field first",69/2,52/3,2022
India,South Africa,India,82 runs,Rajkot,"Jun 17, 2022",/series/south-africa-in-india-2022-1278669/india-vs-south-africa-4th-t20i-1278690/full-scorecard,Rishabh Pant,Temba Bavuma,"South Africa, elected to field first",35/2,40/2,2022
India,South Africa,India,48 runs,Visakhapatnam,"Jun 14, 2022",/series/south-africa-in-india-2022-1278669/india-vs-south-africa-3rd-t20i-1278689/full-scorecard,Rishabh Pant,Temba Bavuma,"South Africa, elected to field first",38/2,57/0,2022
India,South Africa,South Africa,4 wickets,Cuttack,"Jun 12, 2022",/series/south-africa-in-india-2022-1278669/india-vs-south-africa-2nd-t20i-1278688/full-scorecard,Rishabh Pant,Temba Bavuma,"South Africa, elected to field first",29/3,42/1,2022
India,South Africa,South Africa,7 wickets,Delhi,"Jun 9, 2022",/series/south-africa-in-india-2022-1278669/india-vs-south-africa-1st-t20i-1278687/full-scorecard,Rishabh Pant,Temba Bavuma,"South Africa, elected to field first",61/2,51/0,2022
India,Sri Lanka,India,6 wickets,Dharamsala,"Feb 27, 2022",/series/sri-lanka-in-india-2021-22-1278665/india-vs-sri-lanka-3rd-t20i-1278686/full-scorecard,Rohit Sharma,Dasun Shanaka,"Sri Lanka, elected to bat first",47/1,18/3,2022
India,Sri Lanka,India,7 wickets,Dharamsala,"Feb 26, 2022",/series/sri-lanka-in-india-2021-22-1278665/india-vs-sri-lanka-2nd-t20i-1278685/full-scorecard,Rohit Sharma,Dasun Shanaka,"India, elected to field first",46/2,32/0,2022
India,Sri Lanka,India,62 runs,Lucknow,"Feb 24, 2022",/series/sri-lanka-in-india-2021-22-1278665/india-vs-sri-lanka-1st-t20i-1278684/full-scorecard,Rohit Sharma,Dasun Shanaka,"Sri Lanka, elected to field first",29/2,58/0,2022
India,West Indies,India,17 runs,Eden Gardens,"Feb 20, 2022",/series/west-indies-in-india-2021-22-1278661/india-vs-west-indies-3rd-t20i-1278681/full-scorecard,Rohit Sharma,Kieron Pollard,"West Indies, elected to field first",68/2,43/1,2022
India,West Indies,India,8 runs,Eden Gardens,"Feb 18, 2022",/series/west-indies-in-india-2021-22-1278661/india-vs-west-indies-2nd-t20i-1278680/full-scorecard,Rohit Sharma,Kieron Pollard,"West Indies, elected to field first",41/1,49/1,2022
India,West Indies,India,6 wickets,Eden Gardens,"Feb 16, 2022",/series/west-indies-in-india-2021-22-1278661/india-vs-west-indies-1st-t20i-1278679/full-scorecard,Rohit Sharma,Kieron Pollard,"India, elected to field first",58/0,44/1,2022
South Africa,India,India,106 runs,Johannesburg,"Dec 14, 2023",/series/india-in-south-africa-2023-24-1387592/south-africa-vs-india-3rd-t20i-1387599/full-scorecard,Suryakumar Yadav,Aiden Markram,"South Africa, elected to field first",42/3,62/2,2023
South Africa,India,South Africa,5 wickets,Gqeberha,"Dec 12, 2023",/series/india-in-south-africa-2023-24-1387592/south-africa-vs-india-2nd-t20i-1387598/full-scorecard,Suryakumar Yadav,Aiden Markram,"South Africa, elected to field first",78/1,59/3,2023
India,Australia,India,6 runs,Bengaluru,"Dec 3, 2023",/series/australia-in-india-2023-24-1389381/india-vs-australia-5th-t20i-1389395/full-scorecard,Suryakumar Yadav,Matthew Wade,"Australia, elected to field first",50/2,42/2,2023
India,Australia,India,20 runs,Raipur,"Dec 1, 2023",/series/australia-in-india-2023-24-1389381/india-vs-australia-4th-t20i-1389394/full-scorecard,Suryakumar Yadav,Matthew Wade,"Australia, elected to field first",52/2,50/1,2023
India,Australia,Australia,5 wickets,Guwahati,"Nov 28, 2023",/series/australia-in-india-2023-24-1389381/india-vs-australia-3rd-t20i-1389393/full-scorecard,Suryakumar Yadav,Matthew Wade,"Australia, elected to field first",67/2,43/2,2023
India,Australia,India,44 runs,Thiruvananthapuram,"Nov 26, 2023",/series/australia-in-india-2023-24-1389381/india-vs-australia-2nd-t20i-1389392/full-scorecard,Suryakumar Yadav,Matthew Wade,"Australia, elected to field first",53/3,77/1,2023
India,Australia,India,2 wickets,Visakhapatnam,"Nov 23, 2023",/series/australia-in-india-2023-24-1389381/india-vs-australia-1st-t20i-1389391/full-scorecard,Suryakumar Yadav,Matthew Wade,"India, elected to field first",63/2,40/1,2023
Bangladesh,India,India,9 wickets,Hangzhou,"Oct 6, 2023",/series/asian-games-men-s-cricket-competition-2023-1398685/bangladesh-vs-india-1st-semi-final-1399117/full-scorecard,Ruturaj Gaikwad,Saif Hassan,"India, elected to field first",68/1,21/3,2023
India,Nepal,India,23 runs,Hangzhou,"Oct 3, 2023",/series/asian-games-men-s-cricket-competition-2023-1398685/india-vs-nepal-1st-quarter-final-1399113/full-scorecard,Ruturaj Gaikwad,Rohit Paudel,"India, elected to bat first",46/1,63/0,2023
Ireland,India,India,33 runs,Dublin (Malahide),"Aug 20, 2023",/series/india-in-ireland-2023-1384631/ireland-vs-india-2nd-t20i-1384637/full-scorecard,Jasprit Bumrah,Paul Stirling,"Ireland, elected to field first",31/3,47/2,2023
Ireland,India,India,2 runs,Dublin (Malahide),"Aug 18, 2023",/series/india-in-ireland-2023-1384631/ireland-vs-india-1st-t20i-1384634/full-scorecard,Jasprit Bumrah,Paul Stirling,"India, elected to field first",45/0,30/4,2023
India,West Indies,West Indies,8 wickets,Lauderhill,"Aug 13, 2023",/series/india-in-west-indies-2023-1381201/india-vs-west-indies-5th-t20i-1381221/full-scorecard,Hardik Pandya,Rovman Powell,"India, elected to bat first",61/1,51/2,2023
India,West Indies,India,9 wickets,Lauderhill,"Aug 12, 2023",/series/india-in-west-indies-2023-1381201/india-vs-west-indies-4th-t20i-1381220/full-scorecard,Hardik Pandya,Rovman Powell,"West Indies, elected to bat first",66/0,55/2,2023
West Indies,India,India,7 wickets,Providence,"Aug 8, 2023",/series/india-in-west-indies-2023-1381201/west-indies-vs-india-3rd-t20i-1381219/full-scorecard,Hardik Pandya,Rovman Powell,"West Indies, elected to bat first",60/2,38/0,2023
West Indies,India,West Indies,2 wickets,Providence,"Aug 6, 2023",/series/india-in-west-indies-2023-1381201/west-indies-vs-india-2nd-t20i-1381218/full-scorecard,Hardik Pandya,Rovman Powell,"India, elected to bat first",61/3,34/2,2023
West Indies,India,West Indies,4 runs,Tarouba,"Aug 3, 2023",/series/india-in-west-indies-2023-1381201/west-indies-vs-india-1st-t20i-1381217/full-scorecard,Hardik Pandya,Rovman Powell,"West Indies, elected to bat first",45/2,54/2,2023
India,New Zealand,India,168 runs,Ahmedabad,"Feb 1, 2023",/series/new-zealand-in-india-2022-23-1348633/india-vs-new-zealand-3rd-t20i-1348651/full-scorecard,Hardik Pandya,Mitchell Santner,"India, elected to bat first",30/5,58/1,2023
India,New Zealand,India,6 wickets,Lucknow,"Jan 29, 2023",/series/new-zealand-in-india-2022-23-1348633/india-vs-new-zealand-2nd-t20i-1348650/full-scorecard,Hardik Pandya,Mitchell Santner,"New Zealand, elected to bat first",29/1,33/2,2023
India,New Zealand,New Zealand,21 runs,Ranchi,"Jan 27, 2023",/series/new-zealand-in-india-2022-23-1348633/india-vs-new-zealand-1st-t20i-1348649/full-scorecard,Hardik Pandya,Mitchell Santner,"India, elected to field first",33/3,47/2,2023
India,Sri Lanka,India,91 runs,Rajkot,"Jan 7, 2023",/series/sri-lanka-in-india-2022-23-1348629/india-vs-sri-lanka-3rd-t20i-1348642/full-scorecard,Hardik Pandya,Dasun Shanaka,"India, elected to bat first",51/2,53/2,2023
India,Sri Lanka,Sri Lanka,16 runs,Pune,"Jan 5, 2023",/series/sri-lanka-in-india-2022-23-1348629/india-vs-sri-lanka-2nd-t20i-1348641/full-scorecard,Hardik Pandya,Dasun Shanaka,"India, elected to field first",39/4,55/0,2023
India,Sri Lanka,India,2 runs,Wankhede,"Jan 3, 2023",/series/sri-lanka-in-india-2022-23-1348629/india-vs-sri-lanka-1st-t20i-1348640/full-scorecard,Hardik Pandya,Dasun Shanaka,"Sri Lanka, elected to field first",35/2,41/2,2023
South Africa,India,India,135 runs,Johannesburg,"Nov 15, 2024",/series/india-in-south-africa-2024-25-1449299/south-africa-vs-india-4th-t20i-1449304/full-scorecard,Suryakumar Yadav,Aiden Markram,"India, elected to bat first",30/4,73/1,2024
South Africa,India,India,11 runs,Centurion,"Nov 13, 2024",/series/india-in-south-africa-2024-25-1449299/south-africa-vs-india-3rd-t20i-1449303/full-scorecard,Suryakumar Yadav,Aiden Markram,"South Africa, elected to field first",55/2,70/1,2024
South Africa,India,South Africa,3 wickets,Gqeberha,"Nov 10, 2024",/series/india-in-south-africa-2024-25-1449299/south-africa-vs-india-2nd-t20i-1449302/full-scorecard,Suryakumar Yadav,Aiden Markram,"South Africa, elected to field first",34/2,34/3,2024
South Africa,India,India,61 runs,Durban,"Nov 8, 2024",/series/india-in-south-africa-2024-25-1449299/south-africa-vs-india-1st-t20i-1449301/full-scorecard,Suryakumar Yadav,Aiden Markram,"South Africa, elected to field first",49/3,56/1,2024
India,Bangladesh,India,133 runs,Hyderabad,"Oct 12, 2024",/series/bangladesh-in-india-2024-25-1439844/india-vs-bangladesh-3rd-t20i-1439895/full-scorecard,Suryakumar Yadav,Najmul Hossain Shanto,"India, elected to bat first",59/3,82/1,2024
India,Bangladesh,India,86 runs,Delhi,"Oct 9, 2024",/series/bangladesh-in-india-2024-25-1439844/india-vs-bangladesh-2nd-t20i-1439894/full-scorecard,Suryakumar Yadav,Najmul Hossain Shanto,"Bangladesh, elected to field first",43/3,45/3,2024
India,Bangladesh,India,7 wickets,Gwalior,"Oct 6, 2024",/series/bangladesh-in-india-2024-25-1439844/india-vs-bangladesh-1st-t20i-1439893/full-scorecard,Suryakumar Yadav,Najmul Hossain Shanto,"India, elected to field first",71/2,39/2,2024
Sri Lanka,India,India,7 wickets,Pallekele,"Jul 28, 2024",/series/india-in-sri-lanka-2024-1442984/sri-lanka-vs-india-2nd-t20i-1442988/full-scorecard,Suryakumar Yadav,Charith Asalanka,"India, elected to field first",72/3,54/1,2024
Sri Lanka,India,India,43 runs,Pallekele,"Jul 27, 2024",/series/india-in-sri-lanka-2024-1442984/sri-lanka-vs-india-1st-t20i-1442987/full-scorecard,Suryakumar Yadav,Charith Asalanka,"Sri Lanka, elected to field first",55/0,74/1,2024
Zimbabwe,India,India,42 runs,Harare,"Jul 14, 2024",/series/zimbabwe-vs-india-2024-1420218/zimbabwe-vs-india-5th-t20i-1420227/full-scorecard,Shubman Gill,Sikandar Raza,"Zimbabwe, elected to field first",47/2,44/3,2024
Zimbabwe,India,India,10 wickets,Harare,"Jul 13, 2024",/series/zimbabwe-vs-india-2024-1420218/zimbabwe-vs-india-4th-t20i-1420226/full-scorecard,Shubman Gill,Sikandar Raza,"India, elected to field first",61/0,44/0,2024
Zimbabwe,India,India,23 runs,Harare,"Jul 10, 2024",/series/zimbabwe-vs-india-2024-1420218/zimbabwe-vs-india-3rd-t20i-1420225/full-scorecard,Shubman Gill,Sikandar Raza,"India, elected to bat first",37/3,55/0,2024
Zimbabwe,India,India,100 runs,Harare,"Jul 7, 2024",/series/zimbabwe-vs-india-2024-1420218/zimbabwe-vs-india-2nd-t20i-1420224/full-scorecard,Shubman Gill,Sikandar Raza,"India, elected to bat first",58/4,36/1,2024
Zimbabwe,India,Zimbabwe,13 runs,Harare,"Jul 6, 2024",/series/zimbabwe-vs-india-2024-1420218/zimbabwe-vs-india-1st-t20i-1420223/full-scorecard,Shubman Gill,Sikandar Raza,"India, elected to field first",28/4,40/2,2024
India,South Africa,India,7 runs,Bridgetown,"Jun 29, 2024",/series/icc-men-s-t20-world-cup-2024-1411166/india-vs-south-africa-final-1415755/full-scorecard,Rohit Sharma,Aiden Markram,"India, elected to bat first",42/2,45/3,2024
England,India,India,68 runs,Providence,"Jun 27, 2024",/series/icc-men-s-t20-world-cup-2024-1411166/england-vs-india-2nd-semi-final-1415754/full-scorecard,Rohit Sharma,Jos Buttler,"England, elected to field first",39/3,46/2,2024
Australia,India,India,24 runs,Gros Islet,"Jun 24, 2024",/series/icc-men-s-t20-world-cup-2024-1411166/australia-vs-india-51st-match-super-eights-group-1-1415751/full-scorecard,Rohit Sharma,Mitchell Marsh,"Australia, elected to field first",65/1,60/1,2024
Bangladesh,India,India,50 runs,North Sound,"Jun 22, 2024",/series/icc-men-s-t20-world-cup-2024-1411166/bangladesh-vs-india-47th-match-super-eights-group-1-1415747/full-scorecard,Rohit Sharma,Najmul Hossain Shanto,"Bangladesh, elected to field first",42/1,53/1,2024
Afghanistan,India,India,47 runs,Bridgetown,"Jun 20, 2024",/series/icc-men-s-t20-world-cup-2024-1411166/afghanistan-vs-india-43rd-match-super-eights-group-1-1415743/full-scorecard,Rohit Sharma,Rashid Khan,"India, elected to bat first",35/3,47/1,2024
U.S.A.,India,India,7 wickets,New York,"Jun 12, 2024",/series/icc-men-s-t20-world-cup-2024-1411166/united-states-of-america-vs-india-25th-match-group-a-1415725/full-scorecard,Rohit Sharma,Aaron Jones,"India, elected to field first",33/2,18/2,2024
India,Pakistan,India,6 runs,New York,"Jun 9, 2024",/series/icc-men-s-t20-world-cup-2024-1411166/india-vs-pakistan-19th-match-group-a-1415719/full-scorecard,Rohit Sharma,Babar Azam,"Pakistan, elected to field first",35/1,50/2,2024
India,Ireland,India,8 wickets,New York,"Jun 5, 2024",/series/icc-men-s-t20-world-cup-2024-1411166/india-vs-ireland-8th-match-group-a-1415708/full-scorecard,Rohit Sharma,Paul Stirling,"India, elected to field first",39/1,26/2,2024
India,Afghanistan,India,6 wickets,Indore,"Jan 14, 2024",/series/afghanistan-in-india-2023-24-1389384/india-vs-afghanistan-2nd-t20i-1389397/full-scorecard,Rohit Sharma,Ibrahim Zadran,"India, elected to field first",69/2,58/2,2024
India,Afghanistan,India,6 wickets,Mohali,"Jan 11, 2024",/series/afghanistan-in-india-2023-24-1389384/india-vs-afghanistan-1st-t20i-1389396/full-scorecard,Rohit Sharma,Ibrahim Zadran,"India, elected to field first",36/2,33/0,2024
